{
    "Athens": {
        "x": 718,
        "y": 476,
        "latt": 37.99231,
        "longt": 23.72062
    },
    "Marousi": {
        "x": 774,
        "y": 413,
        "latt": 38.05653,
        "longt": 23.80551
    },
    "Glyfada": {
        "x": 741,
        "y": 588,
        "latt": 37.86534,
        "longt": 23.76711
    },
    "Pireas": {
        "x": 657,
        "y": 509,
        "latt": 37.95477,
        "longt": 23.64207
    },
    "Megara": {
        "x": 443,
        "y": 467,
        "latt": 38.02489,
        "longt": 23.3462
    },
    "Corinth": {
        "x": 135,
        "y": 520,
        "latt": 37.94007,
        "longt": 22.9513
    },
    "Chalkida": {
        "x": 629,
        "y": 38,
        "latt": 38.40125,
        "longt": 23.56705
    },
    "Alimos": {
        "x": 705,
        "y": 533,
        "latt": 37.90966,
        "longt": 23.71285
    },
    "Aegina": {
        "x": 511,
        "y": 695,
        "latt": 37.74417,
        "longt": 23.43758
    },
    "Paiania": {
        "x": 820,
        "y": 496,
        "latt": 37.95372,
        "longt": 23.85558
    },
    "Koropi": {
        "x": 836,
        "y": 552,
        "latt": 37.91535,
        "longt": 23.85628
    },
    "Thiva": {
        "x": 426,
        "y": 161,
        "latt": 38.32075,
        "longt": 23.31961
    },
    "Livadia": {
        "x": 112,
        "y": 54,
        "latt": 36.5476,
        "longt": 26.34073
    },
    "Salamina": {
        "x": 545,
        "y": 498,
        "latt": 37.94816,
        "longt": 23.48789
    }
}