{
    "Rio": {
        "x": 635,
        "y": 320,
        "latt": 38.29585,
        "longt": 21.78062
    },
    "Aigio": {
        "x": 852,
        "y": 368,
        "latt": 38.25002,
        "longt": 22.08824
    },
    "Patras": {
        "x": 594,
        "y": 376,
        "latt": 39.00027,
        "longt": 21.71837
    },
    "Mesolongi": {
        "x": 379,
        "y": 254,
        "latt": 38.36882,
        "longt": 21.43149
    },
    "Agrinio": {
        "x": 363,
        "y": 20,
        "latt": 38.48504,
        "longt": 21.62166
    },
    "Amfissa": {
        "x": 1066,
        "y": 109,
        "latt": 38.52166,
        "longt": 22.38158
    },
    "Nafpaktos": {
        "x": 663,
        "y": 239,
        "latt": 38.39476,
        "longt": 21.84408
    },
    "Kalavrita": {
        "x": 869,
        "y": 567,
        "latt": 38.00117,
        "longt": 22.08581
    }
}