{
    "Thessaloniki": {
        "x": 654,
        "y": 311,
        "latt": 40.63683,
        "longt": 22.97852
    },
    "Katerini": {
        "x": 345,
        "y": 659,
        "latt": 40.28699,
        "longt": 22.52429
    },
    "Votsi": {
        "x": 667,
        "y": 362,
        "latt": 39.15123,
        "longt": 23.87286
    },
    "Epanomi": {
        "x": 643,
        "y": 514,
        "latt": 40.42712,
        "longt": 22.92905
    },
    "Veria": {
        "x": 120,
        "y": 422,
        "latt": 40.52089,
        "longt": 22.20373
    },
    "Polygyros": {
        "x": 1020,
        "y": 559,
        "latt": 40.38187,
        "longt": 23.4454
    },
    "Nigrita": {
        "x": 1070,
        "y": 52,
        "latt": 40.90783,
        "longt": 23.50396
    }
}