{
    "Kavala": {
        "x": 514,
        "y": 114,
        "latt": 40.90094,
        "longt": 24.34191
    },
    "Ioannina": {
        "x": 189,
        "y": 266,
        "latt": 39.59743,
        "longt": 20.85685
    },
    "Chania": {
        "x": 477,
        "y": 744,
        "latt": 35.50753,
        "longt": 23.99992
    },
    "Rhodes": {
        "x": 861,
        "y": 640,
        "latt": 36.09334,
        "longt": 28.08354
    },
    "Larissa": {
        "x": 332,
        "y": 269,
        "latt": 39.63689,
        "longt": 22.41761
    },
    "Kalamata": {
        "x": 305,
        "y": 571,
        "latt": 37.08644,
        "longt": 22.21538
    },
    "Athens": {
        "x": 452,
        "y": 461,
        "latt": 37.99231,
        "longt": 23.72062
    },
    "Heraklion": {
        "x": 579,
        "y": 763,
        "latt": 35.3366,
        "longt": 25.17109
    },
    "Thessaloniki": {
        "x": 380,
        "y": 150,
        "latt": 40.63683,
        "longt": 22.97852
    },
    "Patras": {
        "x": 271,
        "y": 432,
        "latt": 39.00027,
        "longt": 21.71837
    },
    "Mytilene": {
        "x": 709,
        "y": 331,
        "latt": 39.12204,
        "longt": 26.53493
    },
    "Corfu": {
        "x": 104,
        "y": 269,
        "latt": 39.61801,
        "longt": 19.90208
    }
}